{
	"format_version": "1.8.0",
	"animations": {
		"rhino.idle": {
			"loop": true,
			"animation_length": 3.04167,
			"bones": {
				"rino": {
					"rotation": {
						"0.0": [0, 0, 0],
						"3.0417": [0, 0, 0]
					},
					"position": {
						"0.0": [0, 0, 0],
						"3.0417": [0, 0, 0]
					}
				},
				"head": {
					"rotation": {
						"0.0": [5, 0, 0],
						"1.4583": [9.25, 0, 0],
						"3.0417": [5, 0, 0]
					},
					"position": {
						"0.0": [0, 0, 0.375],
						"3.0417": [0, 0, 0.375]
					}
				},
				"tail": {
					"rotation": {
						"0.0": [12.5, 0, 0],
						"0.7917": [20.11132, -9.10914, 23.38138],
						"1.4583": [30, 0, 0],
						"2.25": [19.03134, 9.63408, -25.88139],
						"3.0417": [12.5, 0, 0]
					},
					"position": {
						"0.0": [0, 0, 0],
						"3.0417": [0, 0, 0]
					}
				},
				"body": {
					"rotation": {
						"0.0": [-2.25, 0, 0],
						"3.0417": [-2.25, 0, 0]
					},
					"position": {
						"0.0": [0, -0.575, -0.9],
						"1.4583": [0, -1.495, -0.9],
						"3.0417": [0, -0.575, -0.9]
					}
				},
				"left_leg_back": {
					"rotation": {
						"0.0": [9.30389, -17.67682, -8.15803],
						"1.4583": [1.80389, -17.67682, -8.15803],
						"3.0417": [9.30389, -17.67682, -8.15803]
					},
					"position": {
						"0.0": [1.3, 0, 0],
						"3.0417": [1.3, 0, 0]
					}
				},
				"right_leg_back": {
					"rotation": {
						"0.0": [9.30389, 17.6768, 8.158],
						"1.4583": [1.80389, 17.6768, 8.158],
						"3.0417": [9.30389, 17.6768, 8.158]
					},
					"position": {
						"0.0": [-1.3, 0, 0],
						"3.0417": [-1.3, 0, 0]
					}
				},
				"right_leg_forw": {
					"rotation": {
						"0.0": [-5, 30, 0],
						"1.4583": [-10, 30, 0],
						"3.0417": [-5, 30, 0]
					},
					"position": {
						"0.0": [-1.9, 0, 0],
						"1.4583": [-1.9, 1.075, 0],
						"3.0417": [-1.9, 0, 0]
					}
				},
				"left_leg_forw": {
					"rotation": {
						"0.0": [-5, -30, 0],
						"1.4583": [-10, -30, 0],
						"3.0417": [-5, -30, 0]
					},
					"position": {
						"0.0": [1.9, 0, 0],
						"1.4583": [1.9, 1.225, 0],
						"3.0417": [1.9, 0, 0]
					}
				},
				"right_ear": {
					"rotation": {
						"0.0": [0, 0, 20],
						"1.4583": [0, 0, 5],
						"3.0417": [0, 0, 20]
					},
					"position": {
						"0.0": [0, 0, 0],
						"3.0417": [0, 0, 0]
					}
				},
				"left_ear": {
					"rotation": {
						"0.0": [0, 0, -20],
						"1.4583": [0, 0, -7.5],
						"3.0417": [0, 0, -20]
					},
					"position": {
						"0.0": [0, 0, 0],
						"3.0417": [0, 0, 0]
					}
				}
			}
		},
		"rhino.walk": {
			"loop": true,
			"animation_length": 2,
			"bones": {
				"rino": {
					"rotation": {
						"0.0": [0, 0, 0],
						"1.0": [0, 0, 0],
						"2.0": [0, 0, 0]
					},
					"position": {
						"0.0": [0, -0.43, 0],
						"0.4583": [0, -1.35, 0],
						"1.0": [0, -0.43, 0],
						"1.4583": [0, -1.35, 0],
						"2.0": [0, -0.43, 0]
					}
				},
				"head": {
					"rotation": {
						"0.0": [4.7563, -3.71318, 2.04074],
						"0.4583": [12.2563, 0.30943, -0.17006],
						"1.0": [4.7563, 3.71318, -2.04074],
						"1.4583": [12.2563, -0.3094, 0.1701],
						"2.0": [4.7563, -3.71318, 2.04074]
					},
					"position": {
						"0.0": [0, 0, 1.125],
						"0.4583": [0, 1.725, 0.675],
						"1.0": [0, 0, 1.125],
						"1.4583": [0, 1.725, 0.675],
						"2.0": [0, 0, 1.125]
					}
				},
				"tail": {
					"rotation": {
						"0.0": [19.78167, 1.52618, -9.94825],
						"0.4583": [18.82151, -5.52911, 15.31505],
						"1.0": [19.78167, -1.52618, 9.94825],
						"1.4583": [18.82151, 5.52911, -15.31505],
						"2.0": [19.78167, 1.52618, -9.94825]
					},
					"position": {
						"0.0": [0, 0, 0],
						"1.0": [0, 0, 0],
						"2.0": [0, 0, 0]
					}
				},
				"body": {
					"rotation": {
						"0.0": [-2.30357, 9.95593, -0.83405],
						"0.4583": [-2.2774, 4.95992, -0.63258],
						"1.0": [-2.30357, -9.95593, 0.83405],
						"1.4583": [-2.2774, -4.95992, 0.63258],
						"2.0": [-2.30357, 9.95593, -0.83405]
					},
					"position": {
						"0.0": [0, 0, 0],
						"1.0": [0, 0, 0],
						"2.0": [0, 0, 0]
					}
				},
				"left_leg_back": {
					"rotation": {
						"0.0": [24.33565, -18.18063, 1.30713],
						"0.4583": [66.05768, -5.33809, -16.88204],
						"1.0": [5.21871, -15.84626, -1.88647],
						"1.4583": [-23.70464, -8.70769, -13.71306],
						"2.0": [24.33565, -18.18063, 1.30713]
					},
					"position": {
						"0.0": [3.47, 0.7, -2.975],
						"0.4583": [3.475, -1.425, -2.875],
						"1.0": [2.475, 1.13, 2.2],
						"1.4583": [1.3, 2.1, 1.1],
						"2.0": [3.47, 0.7, -2.975]
					}
				},
				"right_leg_back": {
					"rotation": {
						"0.0": [5.21871, 15.84626, 1.88647],
						"0.4583": [-23.70464, 8.70769, 13.71306],
						"1.0": [24.33565, 18.18063, -1.30713],
						"1.4583": [66.05768, 5.33809, 16.88204],
						"2.0": [5.21871, 15.84626, 1.88647]
					},
					"position": {
						"0.0": [-2.475, 1.13, 2.2],
						"0.4583": [-1.3, 2.1, 1.1],
						"1.0": [-4.37, 0.825, -2.525],
						"1.4583": [-3.475, -1.425, -2.875],
						"2.0": [-2.475, 1.13, 2.2]
					}
				},
				"right_leg_forw": {
					"rotation": {
						"0.0": [-6.89655, 10.06558, 1.73489],
						"0.4583": [22.12822, 7.0991, 11.92271],
						"1.0": [-32.5, 30, 0],
						"1.4583": [17.79749, 27.37774, 11.00623],
						"2.0": [-6.89655, 10.06558, 1.73489]
					},
					"position": {
						"0.0": [-1.9, 0.8, 0],
						"0.4583": [-1.9, 0.825, 0],
						"1.0": [-1.9, 2.55, -0.825],
						"1.4583": [-3.95, 0.2, -2.295],
						"2.0": [-1.9, 0.8, 0]
					}
				},
				"left_leg_forw": {
					"rotation": {
						"0.0": [-32.5, -30, 0],
						"0.4583": [17.79749, -27.37774, -11.00623],
						"1.0": [-6.89655, -10.06558, -1.73489],
						"1.4583": [22.12822, -7.0991, -11.92271],
						"2.0": [-32.5, -30, 0]
					},
					"position": {
						"0.0": [1.9, 2.55, -0.825],
						"0.4583": [3.95, 0.2, -2.295],
						"1.0": [1.9, 0.8, 0],
						"1.4583": [1.9, 0.825, 0],
						"2.0": [1.9, 2.55, -0.825]
					}
				},
				"right_ear": {
					"rotation": {
						"0.0": [2.46207, 0.43399, 10.00933],
						"0.4583": [-2.03604, 9.06087, 23.16994],
						"1.0": [5, 0, 2.5],
						"1.4583": [-2.03604, 9.06087, 23.16994],
						"2.0": [2.46207, 0.43399, 10.00933]
					},
					"position": {
						"0.0": [0, 0, 0],
						"1.0": [0, 0, 0],
						"2.0": [0, 0, 0]
					}
				},
				"left_ear": {
					"rotation": {
						"0.0": [5, 0, -2.5],
						"0.4583": [3.49607, 1.59406, -33.38646],
						"1.0": [2.46207, -0.43399, -10.00933],
						"1.4583": [3.49607, 1.59406, -33.38646],
						"2.0": [5, 0, -2.5]
					},
					"position": {
						"0.0": [0, 0, 0],
						"1.0": [0, 0, 0],
						"2.0": [0, 0, 0]
					}
				}
			}
		},
		"rhino.death": {
			"loop": "hold_on_last_frame",
			"animation_length": 2.83333,
			"bones": {
				"rino": {
					"rotation": [0, 0, 0],
					"position": {
						"0.0": [0, 0, 0],
						"0.25": [0, -4.5, 0],
						"0.5417": [0, -3.07, 0],
						"0.75": [0, -4, 0]
					}
				},
				"head": {
					"rotation": {
						"0.0": [5, 0, 0],
						"0.25": [5.05335, 0.54434, 0.46153],
						"0.5417": [-5.78724, 0.58434, 0.49544],
						"1.1667": [5.05335, 0.54434, 0.46153],
						"1.5833": [2.55335, 0.54434, 0.46153]
					},
					"position": [0, 0, 0.375]
				},
				"tail": {
					"rotation": {
						"0.0": [12.5, 0, 0],
						"0.25": [12.5, 0, 0],
						"0.75": [20, 0, 0],
						"1.0417": [10.72989, 2.48179, -3.02584],
						"1.5833": [10.72989, 2.48179, -3.02584]
					},
					"position": [0, 0, 0]
				},
				"body": {
					"rotation": {
						"0.0": [-2.25, 0, 0],
						"0.25": [2.75, 0, 0],
						"0.5417": [-1.99, 0, 0],
						"0.75": [4.43, 0, 0],
						"1.0417": [2.75, 0, 0],
						"1.5833": [5.25, 0, 0]
					},
					"position": [0, -0.575, -0.9]
				},
				"left_leg_back": {
					"rotation": {
						"0.0": [9.30389, -17.67682, -8.15803],
						"0.25": [21.65222, -6.8703, -79.7816],
						"0.5417": [20.50793, -10.89886, -71.63956],
						"0.75": [21.65222, -6.8703, -79.7816]
					},